{"stats":{"minecraft:picked_up":{"minecraft:wooden_axe":1,"minecraft:red_carpet":2,"minecraft:grass_block":1,"minecraft:gunpowder":1,"minecraft:string":2},"minecraft:custom":{"minecraft:time_since_rest":116014,"minecraft:crouch_one_cm":849,"minecraft:sprint_one_cm":65757,"minecraft:play_time":143392,"minecraft:deaths":2,"minecraft:walk_one_cm":49829,"minecraft:sneak_time":1903,"minecraft:walk_under_water_one_cm":18617,"minecraft:drop":4,"minecraft:jump":556,"minecraft:leave_game":1,"minecraft:walk_on_water_one_cm":24066,"minecraft:time_since_death":116008,"minecraft:total_world_time":143392,"minecraft:swim_one_cm":1827,"minecraft:fall_one_cm":476,"minecraft:fly_one_cm":1710152},"minecraft:used":{"minecraft:glass":115,"minecraft:glowstone":19,"minecraft:red_carpet":22,"minecraft:light_gray_stained_glass":1,"minecraft:command_block":1,"minecraft:grass_block":400,"minecraft:oak_button":2,"minecraft:oak_sign":11,"minecraft:campfire":3,"minecraft:gray_banner":8,"minecraft:red_terracotta":1,"minecraft:smooth_quartz":193,"minecraft:warped_sign":8,"minecraft:glow_ink_sac":8},"minecraft:dropped":{"minecraft:gunpowder":1,"minecraft:string":2,"minecraft:red_carpet":1}},"DataVersion":2730}