{"stats":{"minecraft:dropped":{"minecraft:string":2,"minecraft:gunpowder":1},"minecraft:picked_up":{"minecraft:gunpowder":1,"minecraft:grass_block":1,"minecraft:string":2,"minecraft:wooden_axe":1},"minecraft:custom":{"minecraft:jump":178,"minecraft:time_since_rest":13356,"minecraft:crouch_one_cm":72,"minecraft:deaths":2,"minecraft:sprint_one_cm":23498,"minecraft:play_time":40734,"minecraft:walk_on_water_one_cm":5509,"minecraft:time_since_death":13350,"minecraft:walk_one_cm":24561,"minecraft:sneak_time":899,"minecraft:total_world_time":40734,"minecraft:walk_under_water_one_cm":14624,"minecraft:drop":3,"minecraft:fall_one_cm":476,"minecraft:fly_one_cm":1026602},"minecraft:used":{"minecraft:glass":105,"minecraft:red_terracotta":1,"minecraft:grass_block":168}},"DataVersion":2730}