{"stats":{"minecraft:picked_up":{"minecraft:wooden_axe":3,"minecraft:gunpowder":1,"minecraft:grass_block":2,"minecraft:redstone":5,"minecraft:red_terracotta":1,"minecraft:string":2,"minecraft:red_carpet":5,"minecraft:oak_sign":1,"minecraft:kelp":78,"minecraft:glowstone":1,"minecraft:calcite":1,"minecraft:smooth_quartz":1,"minecraft:snowball":4},"minecraft:mined":{"minecraft:snow_block":32},"minecraft:custom":{"minecraft:time_since_rest":182014,"minecraft:sprint_one_cm":126747,"minecraft:walk_one_cm":124343,"minecraft:drop":19,"minecraft:swim_one_cm":1827,"minecraft:fly_one_cm":2619495,"minecraft:crouch_one_cm":1308,"minecraft:play_time":209392,"minecraft:deaths":2,"minecraft:sneak_time":3248,"minecraft:walk_under_water_one_cm":71089,"minecraft:jump":919,"minecraft:leave_game":1,"minecraft:time_since_death":182008,"minecraft:walk_on_water_one_cm":101632,"minecraft:total_world_time":209392,"minecraft:fall_one_cm":476},"minecraft:used":{"minecraft:calcite":10,"minecraft:sticky_piston":12,"minecraft:glass":115,"minecraft:lever":1,"minecraft:diamond_shovel":32,"minecraft:light_gray_stained_glass":1,"minecraft:snow_block":96,"minecraft:command_block":2,"minecraft:grass_block":587,"minecraft:redstone":53,"minecraft:barrier":22,"minecraft:oak_button":2,"minecraft:stone_button":1,"minecraft:oak_sign":14,"minecraft:red_terracotta":22,"minecraft:smooth_quartz":546,"minecraft:warped_sign":8,"minecraft:glow_ink_sac":8,"minecraft:glowstone":301,"minecraft:red_carpet":46,"minecraft:dirt":8,"minecraft:stone_pressure_plate":1,"minecraft:sponge":12,"minecraft:campfire":3,"minecraft:gray_banner":8,"minecraft:gray_stained_glass":2},"minecraft:dropped":{"minecraft:dirt":1,"minecraft:gunpowder":1,"minecraft:wooden_axe":2,"minecraft:glowstone":1,"minecraft:smooth_quartz":1,"minecraft:snowball":4,"minecraft:diamond_shovel":1,"minecraft:calcite":1,"minecraft:string":2,"minecraft:oak_sign":1,"minecraft:grass_block":1,"minecraft:red_terracotta":1,"minecraft:red_carpet":1,"minecraft:snow_block":1}},"DataVersion":2730}