{"stats":{"minecraft:dropped":{"minecraft:gunpowder":1,"minecraft:string":2},"minecraft:picked_up":{"minecraft:wooden_axe":1,"minecraft:grass_block":1,"minecraft:gunpowder":1,"minecraft:string":2},"minecraft:custom":{"minecraft:time_since_rest":25356,"minecraft:crouch_one_cm":256,"minecraft:play_time":52734,"minecraft:sprint_one_cm":30619,"minecraft:walk_one_cm":27442,"minecraft:deaths":2,"minecraft:sneak_time":1217,"minecraft:walk_under_water_one_cm":14927,"minecraft:drop":3,"minecraft:jump":203,"minecraft:time_since_death":25350,"minecraft:walk_on_water_one_cm":17836,"minecraft:total_world_time":52734,"minecraft:swim_one_cm":1827,"minecraft:fall_one_cm":476,"minecraft:fly_one_cm":1231627},"minecraft:used":{"minecraft:glass":105,"minecraft:red_carpet":6,"minecraft:grass_block":281,"minecraft:red_terracotta":1}},"DataVersion":2730}