{"stats":{"minecraft:picked_up":{"minecraft:wooden_axe":3,"minecraft:gunpowder":1,"minecraft:grass_block":2,"minecraft:redstone":21,"minecraft:red_terracotta":1,"minecraft:string":2,"minecraft:red_carpet":8,"minecraft:oak_sign":1,"minecraft:kelp":94,"minecraft:glowstone":1,"minecraft:calcite":1,"minecraft:smooth_quartz":2,"minecraft:snowball":4},"minecraft:mined":{"minecraft:snow_block":32},"minecraft:custom":{"minecraft:time_since_rest":194014,"minecraft:sprint_one_cm":142470,"minecraft:walk_one_cm":165092,"minecraft:drop":20,"minecraft:swim_one_cm":1827,"minecraft:fly_one_cm":2626709,"minecraft:crouch_one_cm":1364,"minecraft:play_time":221392,"minecraft:deaths":2,"minecraft:sneak_time":3334,"minecraft:walk_under_water_one_cm":80779,"minecraft:jump":963,"minecraft:leave_game":1,"minecraft:time_since_death":194008,"minecraft:walk_on_water_one_cm":106500,"minecraft:total_world_time":221392,"minecraft:fall_one_cm":476},"minecraft:used":{"minecraft:calcite":10,"minecraft:sticky_piston":26,"minecraft:glass":115,"minecraft:lever":8,"minecraft:diamond_shovel":32,"minecraft:light_gray_stained_glass":1,"minecraft:snow_block":144,"minecraft:command_block":2,"minecraft:grass_block":601,"minecraft:redstone":76,"minecraft:barrier":22,"minecraft:oak_button":2,"minecraft:stone_button":1,"minecraft:oak_sign":14,"minecraft:red_terracotta":22,"minecraft:smooth_quartz":742,"minecraft:warped_sign":8,"minecraft:glow_ink_sac":8,"minecraft:glowstone":302,"minecraft:red_carpet":60,"minecraft:dirt":8,"minecraft:comparator":2,"minecraft:stone_pressure_plate":1,"minecraft:sponge":14,"minecraft:campfire":3,"minecraft:gray_banner":8,"minecraft:gray_stained_glass":2},"minecraft:dropped":{"minecraft:dirt":1,"minecraft:gunpowder":1,"minecraft:wooden_axe":2,"minecraft:glowstone":1,"minecraft:smooth_quartz":2,"minecraft:snowball":4,"minecraft:diamond_shovel":1,"minecraft:calcite":1,"minecraft:string":2,"minecraft:oak_sign":1,"minecraft:grass_block":1,"minecraft:red_terracotta":1,"minecraft:red_carpet":1,"minecraft:snow_block":1}},"DataVersion":2730}