{"stats":{"minecraft:picked_up":{"minecraft:wooden_axe":1,"minecraft:gunpowder":1,"minecraft:grass_block":2,"minecraft:red_terracotta":1,"minecraft:string":2,"minecraft:red_carpet":2,"minecraft:oak_sign":1,"minecraft:calcite":1,"minecraft:smooth_quartz":1},"minecraft:custom":{"minecraft:time_since_rest":128014,"minecraft:sprint_one_cm":70835,"minecraft:walk_one_cm":57375,"minecraft:drop":10,"minecraft:swim_one_cm":1827,"minecraft:fly_one_cm":1937160,"minecraft:crouch_one_cm":919,"minecraft:play_time":155392,"minecraft:deaths":2,"minecraft:sneak_time":2219,"minecraft:walk_under_water_one_cm":19677,"minecraft:jump":594,"minecraft:leave_game":1,"minecraft:time_since_death":128008,"minecraft:walk_on_water_one_cm":36053,"minecraft:total_world_time":155392,"minecraft:fall_one_cm":476},"minecraft:used":{"minecraft:calcite":10,"minecraft:glass":115,"minecraft:light_gray_stained_glass":1,"minecraft:command_block":1,"minecraft:grass_block":403,"minecraft:oak_button":2,"minecraft:oak_sign":14,"minecraft:red_terracotta":22,"minecraft:smooth_quartz":295,"minecraft:warped_sign":8,"minecraft:glow_ink_sac":8,"minecraft:glowstone":19,"minecraft:red_carpet":22,"minecraft:dirt":7,"minecraft:campfire":3,"minecraft:gray_banner":8},"minecraft:dropped":{"minecraft:dirt":1,"minecraft:gunpowder":1,"minecraft:smooth_quartz":1,"minecraft:calcite":1,"minecraft:string":2,"minecraft:oak_sign":1,"minecraft:grass_block":1,"minecraft:red_terracotta":1,"minecraft:red_carpet":1}},"DataVersion":2730}