{"stats":{"minecraft:dropped":{"minecraft:gunpowder":1,"minecraft:string":2,"minecraft:red_carpet":1},"minecraft:picked_up":{"minecraft:wooden_axe":1,"minecraft:red_carpet":2,"minecraft:grass_block":1,"minecraft:gunpowder":1,"minecraft:string":2},"minecraft:custom":{"minecraft:time_since_rest":37356,"minecraft:crouch_one_cm":272,"minecraft:play_time":64734,"minecraft:sprint_one_cm":37607,"minecraft:walk_one_cm":31871,"minecraft:deaths":2,"minecraft:sneak_time":1465,"minecraft:walk_under_water_one_cm":18617,"minecraft:drop":4,"minecraft:jump":244,"minecraft:time_since_death":37350,"minecraft:walk_on_water_one_cm":23265,"minecraft:total_world_time":64734,"minecraft:swim_one_cm":1827,"minecraft:fall_one_cm":476,"minecraft:fly_one_cm":1398144},"minecraft:used":{"minecraft:glass":105,"minecraft:red_carpet":22,"minecraft:grass_block":399,"minecraft:campfire":3,"minecraft:red_terracotta":1,"minecraft:smooth_quartz":165}},"DataVersion":2730}