{"stats":{"minecraft:dropped":{"minecraft:gunpowder":1,"minecraft:string":2,"minecraft:red_carpet":1},"minecraft:picked_up":{"minecraft:wooden_axe":1,"minecraft:red_carpet":2,"minecraft:grass_block":1,"minecraft:gunpowder":1,"minecraft:string":2},"minecraft:custom":{"minecraft:time_since_rest":61356,"minecraft:crouch_one_cm":849,"minecraft:play_time":88734,"minecraft:sprint_one_cm":48131,"minecraft:walk_one_cm":39584,"minecraft:deaths":2,"minecraft:sneak_time":1828,"minecraft:walk_under_water_one_cm":18617,"minecraft:drop":4,"minecraft:jump":327,"minecraft:time_since_death":61350,"minecraft:walk_on_water_one_cm":24008,"minecraft:total_world_time":88734,"minecraft:swim_one_cm":1827,"minecraft:fall_one_cm":476,"minecraft:fly_one_cm":1501834},"minecraft:used":{"minecraft:glass":105,"minecraft:glowstone":19,"minecraft:red_carpet":22,"minecraft:grass_block":399,"minecraft:oak_sign":11,"minecraft:campfire":3,"minecraft:gray_banner":8,"minecraft:red_terracotta":1,"minecraft:smooth_quartz":184,"minecraft:glow_ink_sac":2,"minecraft:warped_sign":2}},"DataVersion":2730}