{"stats":{"minecraft:dropped":{"minecraft:gunpowder":1,"minecraft:string":2,"minecraft:red_carpet":1},"minecraft:picked_up":{"minecraft:wooden_axe":1,"minecraft:red_carpet":2,"minecraft:grass_block":1,"minecraft:gunpowder":1,"minecraft:string":2},"minecraft:custom":{"minecraft:time_since_rest":93804,"minecraft:crouch_one_cm":849,"minecraft:play_time":121182,"minecraft:sprint_one_cm":55167,"minecraft:walk_one_cm":45579,"minecraft:deaths":2,"minecraft:sneak_time":1828,"minecraft:walk_under_water_one_cm":18617,"minecraft:drop":4,"minecraft:jump":433,"minecraft:leave_game":1,"minecraft:time_since_death":93798,"minecraft:walk_on_water_one_cm":24008,"minecraft:total_world_time":121182,"minecraft:swim_one_cm":1827,"minecraft:fall_one_cm":476,"minecraft:fly_one_cm":1583381},"minecraft:used":{"minecraft:glass":115,"minecraft:glowstone":19,"minecraft:red_carpet":22,"minecraft:light_gray_stained_glass":1,"minecraft:grass_block":399,"minecraft:oak_sign":11,"minecraft:campfire":3,"minecraft:gray_banner":8,"minecraft:red_terracotta":1,"minecraft:smooth_quartz":185,"minecraft:glow_ink_sac":8,"minecraft:warped_sign":8}},"DataVersion":2730}