{"stats":{"minecraft:dropped":{"minecraft:string":2,"minecraft:gunpowder":1},"minecraft:picked_up":{"minecraft:gunpowder":1,"minecraft:grass_block":1,"minecraft:string":2,"minecraft:wooden_axe":1},"minecraft:custom":{"minecraft:jump":116,"minecraft:time_since_rest":1356,"minecraft:deaths":2,"minecraft:sprint_one_cm":15654,"minecraft:play_time":28734,"minecraft:walk_on_water_one_cm":5509,"minecraft:time_since_death":1350,"minecraft:walk_one_cm":12990,"minecraft:sneak_time":700,"minecraft:total_world_time":28734,"minecraft:walk_under_water_one_cm":14624,"minecraft:drop":3,"minecraft:fall_one_cm":476,"minecraft:fly_one_cm":745327},"minecraft:used":{"minecraft:glass":105,"minecraft:red_terracotta":1,"minecraft:grass_block":166}},"DataVersion":2730}