{
  "minecraft:recipes/transportation/acacia_boat": {
    "criteria": {
      "in_water": "2024-12-05 17:34:17 +0000"
    },
    "done": true
  },
  "minecraft:recipes/transportation/oak_boat": {
    "criteria": {
      "in_water": "2024-12-05 17:34:17 +0000"
    },
    "done": true
  },
  "minecraft:recipes/transportation/dark_oak_boat": {
    "criteria": {
      "in_water": "2024-12-05 17:34:17 +0000"
    },
    "done": true
  },
  "minecraft:recipes/transportation/birch_boat": {
    "criteria": {
      "in_water": "2024-12-05 17:34:17 +0000"
    },
    "done": true
  },
  "minecraft:recipes/transportation/jungle_boat": {
    "criteria": {
      "in_water": "2024-12-05 17:34:17 +0000"
    },
    "done": true
  },
  "minecraft:recipes/transportation/spruce_boat": {
    "criteria": {
      "in_water": "2024-12-05 17:34:17 +0000"
    },
    "done": true
  },
  "minecraft:adventure/adventuring_time": {
    "criteria": {
      "minecraft:cold_ocean": "2024-12-05 17:33:29 +0000",
      "minecraft:taiga": "2024-12-05 17:32:47 +0000",
      "minecraft:deep_cold_ocean": "2024-12-05 17:33:44 +0000",
      "minecraft:beach": "2024-12-05 17:33:50 +0000",
      "minecraft:river": "2024-12-05 17:33:21 +0000"
    },
    "done": false
  },
  "DataVersion": 2730
}