{"stats":{"minecraft:picked_up":{"minecraft:red_wool":1,"minecraft:white_wool":1},"minecraft:custom":{"minecraft:time_since_rest":60232,"minecraft:open_chest":24,"minecraft:sprint_one_cm":4907,"minecraft:play_time":80581,"minecraft:deaths":1,"minecraft:damage_taken":470,"minecraft:walk_one_cm":155322,"minecraft:sneak_time":11,"minecraft:drop":3,"minecraft:jump":165,"minecraft:damage_dealt":20,"minecraft:leave_game":4,"minecraft:walk_on_water_one_cm":1689,"minecraft:time_since_death":60193,"minecraft:total_world_time":80581,"minecraft:fly_one_cm":328918,"minecraft:player_kills":1},"minecraft:used":{"minecraft:water_bucket":3,"minecraft:bow":24,"minecraft:red_wool":265,"minecraft:spruce_sign":7,"minecraft:snowball":149},"minecraft:killed_by":{"minecraft:player":1},"minecraft:dropped":{"minecraft:red_wool":2,"minecraft:white_wool":1}},"DataVersion":2724}