{"stats":{"minecraft:mined":{"minecraft:glass":1},"minecraft:picked_up":{"minecraft:feather":3,"minecraft:redstone_block":9,"minecraft:chicken":2,"minecraft:water_bucket":28,"minecraft:glow_ink_sac":1,"minecraft:gold_block":5,"minecraft:birch_button":2,"minecraft:shield":3,"minecraft:waxed_cut_copper_slab":64,"minecraft:white_banner":1,"minecraft:iron_axe":1,"minecraft:glass":1,"minecraft:bone":28,"minecraft:light_weighted_pressure_plate":192,"minecraft:red_dye":2,"minecraft:smooth_quartz":1,"minecraft:chest":1,"minecraft:smooth_quartz_stairs":5,"minecraft:crimson_sign":2,"minecraft:egg":5,"minecraft:bowl":1,"minecraft:snow_block":1,"minecraft:stone_button":13,"minecraft:grass_block":1,"minecraft:light_blue_stained_glass":1,"minecraft:diamond_block":20,"minecraft:red_terracotta":1,"minecraft:jungle_sign":1,"minecraft:skeleton_spawn_egg":1,"minecraft:arrow":86,"minecraft:command_block":5,"minecraft:rotten_flesh":129,"minecraft:black_concrete":1,"minecraft:netherite_helmet":8,"minecraft:blue_dye":1,"minecraft:warped_sign":5,"minecraft:glowstone":2,"minecraft:golden_apple":64,"minecraft:snowball":3456},"minecraft:custom":{"minecraft:interact_with_anvil":2,"minecraft:mob_kills":47,"minecraft:leave_game":9,"minecraft:time_since_death":3593,"minecraft:time_since_rest":3619,"minecraft:sprint_one_cm":138858,"minecraft:walk_one_cm":482447,"minecraft:damage_taken":14757,"minecraft:damage_absorbed":80,"minecraft:damage_blocked_by_shield":390,"minecraft:drop":16,"minecraft:damage_dealt":2478,"minecraft:fly_one_cm":1163312,"minecraft:player_kills":1,"minecraft:open_chest":39,"minecraft:crouch_one_cm":31711,"minecraft:play_time":424958,"minecraft:deaths":14,"minecraft:sneak_time":13322,"minecraft:aviate_one_cm":1129095,"minecraft:jump":691,"minecraft:walk_on_water_one_cm":2039,"minecraft:total_world_time":424958,"minecraft:fall_one_cm":132563},"minecraft:killed":{"minecraft:vindicator":1,"minecraft:slime":1,"minecraft:zombie":16,"minecraft:chicken":1},"minecraft:used":{"minecraft:netherite_sword":31,"minecraft:waxed_oxidized_cut_copper_slab":6,"minecraft:water_bucket":4,"minecraft:trident":2,"minecraft:stone_sword":1,"minecraft:diamond_boots":1,"minecraft:snow_block":725,"minecraft:flint_and_steel":6,"minecraft:red_concrete":459,"minecraft:red_stained_glass":28,"minecraft:elytra":1,"minecraft:oak_planks":93,"minecraft:ender_pearl":11,"minecraft:chest":27,"minecraft:leather_chestplate":1,"minecraft:shield":71,"minecraft:zombie_spawn_egg":29,"minecraft:redstone_block":13,"minecraft:warped_sign":14,"minecraft:quartz_stairs":62,"minecraft:glow_ink_sac":28,"minecraft:vindicator_spawn_egg":2,"minecraft:smooth_quartz_stairs":83,"minecraft:golden_apple":2,"minecraft:diamond_block":277,"minecraft:blue_dye":11,"minecraft:anvil":1,"minecraft:skeleton_spawn_egg":28,"minecraft:tnt":2,"minecraft:diamond_helmet":1,"minecraft:chiseled_quartz_block":31,"minecraft:light_blue_stained_glass":30,"minecraft:snowball":369,"minecraft:glass":20,"minecraft:yellow_dye":1,"minecraft:netherite_block":63,"minecraft:black_concrete":217,"minecraft:lava_bucket":40,"minecraft:firework_rocket":480,"minecraft:villager_spawn_egg":21,"minecraft:command_block":20,"minecraft:red_wool":96,"minecraft:light_weighted_pressure_plate":3,"minecraft:iron_axe":1,"minecraft:grass_block":170,"minecraft:stone_button":19,"minecraft:leather_helmet":1,"minecraft:red_terracotta":20,"minecraft:smooth_quartz":1018,"minecraft:totem_of_undying":2,"minecraft:birch_button":5,"minecraft:evoker_spawn_egg":2,"minecraft:crimson_sign":19,"minecraft:glowstone":182,"minecraft:diamond_chestplate":1,"minecraft:jungle_sign":18,"minecraft:diamond_sword":2,"minecraft:snow":3,"minecraft:waxed_cut_copper_slab":4,"minecraft:bow":9,"minecraft:chainmail_boots":1,"minecraft:gold_block":209,"minecraft:lapis_block":55,"minecraft:bucket":2,"minecraft:egg":10,"minecraft:white_concrete":377,"minecraft:red_dye":10,"minecraft:powder_snow_bucket":65,"minecraft:magenta_dye":2,"minecraft:diamond_leggings":1,"minecraft:chainmail_leggings":1},"minecraft:killed_by":{"minecraft:vindicator":1,"minecraft:player":1,"minecraft:skeleton":1},"minecraft:dropped":{"minecraft:snow_block":1,"minecraft:diamond_block":1,"minecraft:netherite_helmet":8,"minecraft:feather":2,"minecraft:rotten_flesh":6,"minecraft:grass_block":1,"minecraft:glowstone":1,"minecraft:quartz_stairs":1},"minecraft:broken":{"minecraft:shield":1}},"DataVersion":2724}